stat	model	AUC	accuracy	sensitivity	specificity	bse
mean	fitbit_classification	0.5960785315915276	0.7633914816140428	0.023365253077975375	0.9948717948717949	0.54351294
sd	fitbit_classification	0.04690758003848107	0.004850917578935976	0.020831809931682505	0.005482281885383044	0.015600885
mean	comb_classification	0.6378667388243312	0.7667434369213053	0.06549931600547196	0.9860805860805861	0.53381157
sd	comb_classification	0.035346687728212235	0.006651281734340648	0.040616735434075214	0.009091336004388922	0.016287938
mean	fitbit_nw_classification	0.5900587784308714	0.7606059662937085	0.06560875512995896	0.9780219780219781	0.5478551
sd	fitbit_nw_classification	0.045291324868745014	0.004274243793595389	0.03029663097945506	0.013105160307691077	0.019327298
mean	comb_nw_classification	0.6313469931800986	0.7617155039604115	0.013980848153214775	0.9956043956043956	0.5308262
sd	comb_nw_classification	0.040402691015342176	0.0046888786504714	0.022544592458403095	0.00586080586080584	0.011056929
