stat	model	1	2	3	4	5	overall	mse
mean	fitbit_regression	0.5553844438718751	1.2899037894969663	2.314579072624345	3.0324536539539015	3.731741632261135	0.9154264204408632	0.8547476
sd	fitbit_regression	0.08972798239028111	0.28565218836045164	0.3476816422015171	0.4559281165172415	0.8286316584332488	0.12939116694202737	0.2364409
mean	comb_regression	0.5648417643448965	0.8525216548197043	1.8472596493671614	2.4554560991598797	3.286241447189829	0.7813156577955256	0.6215828
sd	comb_regression	0.15774264235599172	0.2068568761521407	0.22052651591702171	0.23612139319143904	0.4879475710326196	0.10549244027129102	0.17045647
mean	fitbit_nw_regression	0.2466505500444316	0.7227364557662144	1.711811914804335	2.671464026927313	3.613711888324052	0.6029152022864448	0.3640451
sd	fitbit_nw_regression	0.023561170088020767	0.04161665878958934	0.06434216001086021	0.1377875349900569	0.15523228307400158	0.023203105351296636	0.02820212
mean	comb_nw_regression	0.26189829394706937	0.7110714924698283	1.7023907101824816	2.6247729191405127	3.6287804867270714	0.6028031892821406	0.36361867
sd	comb_nw_regression	0.015115732375798082	0.02866994251442792	0.08434897907348458	0.10948015448978957	0.12998442410975972	0.01571543713755314	0.018965462
