stat	model	accuracy	sensitivity	specificity	AUC	bse
mean	comb_base_weighted	0.24051290829585598	0.9976470588235294	0.003663003663003663	0.5991550537925368	1.7038131952285767
sd	comb_base_weighted	0.005332516450112656	0.005261336417646545	0.00634450845263325	0.024051921112216663	0.03757840065057459
mean	comb_base	0.7606044101398982	0.07023255813953488	0.9765567765567766	0.6322786288039366	0.5336796045303345
sd	comb_base	0.011184131673198474	0.024783944979155936	0.007595766063490026	0.053440369651164915	0.022135208597233186
mean	fitbit_base_weighted	0.23883848679603492	1.0	0.0007326007326007326	0.5439028276784775	1.7616443872451781
sd	fitbit_base_weighted	0.0013143167664617236	0.0	0.0016381450384613844	0.04115339934916053	0.056365180926230635
mean	fitbit_base	0.7617217285756526	0.03283173734610123	0.9897435897435898	0.5865064165200964	0.5465981125831604
sd	fitbit_base	0.004875174950743965	0.026846240638564108	0.007941202706475763	0.05909236797081104	0.018055441897653943
