stat	model	1	2	3	4	5	overall	mse
mean	comb_base_weighted	1.6407736797467098	0.9474498014465992	0.653933281215099	1.181726799820719	2.0257332941442363	1.5401782085840694	2.3750522457657097
sd	comb_base_weighted	0.07027132096470787	0.11045017196876122	0.24290548688968006	0.2829710307032062	0.5570767653083829	0.06024254692985942	0.1830210592425143
mean	comb_base	0.2040823977790239	0.7553956612879608	1.7194145772553386	2.7039908317565216	3.7324310719364604	0.6005515302860032	0.3611714383132638
sd	comb_base	0.018160772227758148	0.013960153931175603	0.05804942659016679	0.16028152749552016	0.10237704810996327	0.025231373932159594	0.03025817122527317
mean	fitbit_base_weighted	1.6766829674596848	0.9996870121868753	0.6848550850985937	1.1344353319056304	1.9037442729780811	1.574110947725178	2.480321709660826
sd	fitbit_base_weighted	0.06435631572490053	0.06702398934293514	0.24387183619044567	0.2308035841275285	0.3057526631902574	0.055861815139762495	0.17470330468135817
mean	fitbit_base	0.19912232549311754	0.7674823600960604	1.7660977256439154	2.718122193563281	3.67784517418932	0.6057540923572587	0.367448592154816
sd	fitbit_base	0.023148248994683214	0.047660932349959974	0.07174222105328315	0.16050835721010787	0.22412917403984553	0.025262911234894818	0.030841257527369086
