stat	model	1	2	3	4	5	overall	mse
mean	fitbit_regression	0.36359424206193464	1.0582777528158078	2.064554339482833	3.0335807549490927	3.996780152240465	0.7745957323211913	0.60537213
sd	fitbit_regression	0.07879487982184409	0.28012540479352016	0.327934549902671	0.37755037026114874	0.5023767910945101	0.07330472249873438	0.10955602
mean	comb_regression	0.26190307885765884	0.9597276533416028	1.9553008104867537	2.899495664350966	3.9170223979445913	0.6937217046017521	0.48486963
sd	comb_regression	0.046364266109785994	0.10981921585928743	0.1221404725285517	0.2112636999250999	0.35246362714937685	0.060164838799041075	0.08572109
mean	fitbit_nw_regression	0.9360376984839565	1.8274436419025821	2.8553569010566426	3.850446255944674	4.819410293345373	1.3123260560170402	1.7259165
sd	fitbit_nw_regression	0.07897817264056987	0.06694649006945562	0.054382149463311796	0.09450150948022984	0.0515666483385825	0.06096579006856489	0.16112666
mean	comb_nw_regression	0.2294674969009896	0.8014681411448551	1.747474186684898	2.714874182628379	3.748153483349506	0.6199801537816882	0.3852427
sd	comb_nw_regression	0.011577599785217042	0.04427750150343882	0.08161536389515299	0.14600746808858225	0.16076195062615223	0.029450118736881147	0.036527727
