stat	model	AUC	accuracy	sensitivity	specificity	bce
mean	fitbit_classification	0.5773363799902788	0.7622726070244783	0.03269493844049247	0.9904761904761905	0.5529227
sd	fitbit_classification	0.019763648994538443	0.003945908381259843	0.028982003188221857	0.0049687399143775075	0.010059498
mean	comb_classification	0.6388419697038029	0.7639501408319199	0.030369357045143642	0.9934065934065934	0.5281884
sd	comb_classification	0.043680685939717134	0.0028915272452564133	0.021626518176661072	0.004271759629923282	0.014874347
mean	fitbit_nw_classification	0.5813585684721115	0.7622772754859091	0.01170998632010944	0.9970695970695971	0.5476915
sd	fitbit_nw_classification	0.036444062707069465	0.0020063138092300484	0.007440955123171093	0.004271759629923282	0.013887147
mean	comb_nw_classification	0.6347504296888703	0.7617201724218422	0.0	1.0	0.5282973
sd	comb_nw_classification	0.031088256549328043	0.0010406167034123692	0.0	0.0	0.00891331
