stat	model	accuracy	sensitivity	specificity	AUC	BCE
mean	comb_base_weighted	0.23772116836028073	0.9976470588235294	0.0	0.6194621247425625	1.7424080080270052
sd	comb_base_weighted	0.002025038385596676	0.005261336417646545	0.0	0.04230116813870879	0.11967362462371622
mean	comb_base	0.7500023342307154	0.10317373461012311	0.9523809523809523	0.6144641040673873	0.6265799373084683
sd	comb_base	0.01581972561776795	0.027269413002597626	0.021824863164492662	0.032951978799338796	0.02455939858525065
mean	fitbit_base_weighted	0.23827982757815783	1.0	0.0	0.5880978938981675	1.7047407066093867
sd	fitbit_base_weighted	0.001163444843675867	0.0	0.0	0.0373124835095677	0.09850426405514176
mean	fitbit_base	0.7622757193320988	0.041969904240766076	0.9875457875457876	0.5680118057956636	0.5898091569109913
sd	fitbit_base	0.0037071890371260696	0.041617275944187404	0.009551944916047857	0.022411404031185207	0.007153063182004767
