stat	model	1	2	3	4	5	overall	mse
mean	comb_base_weighted	1.5593914667971371	1.0174044174857166	0.8925031165582741	1.3782461205000063	2.187853513574375	1.4841456772938173	2.2291127822356898
sd	comb_base_weighted	0.20090263203898218	0.2159104597783785	0.20319288142016165	0.20467432667658844	0.7244737490846738	0.18174291872644827	0.5456567217632076
mean	comb_base	0.39115984637529977	0.6947783090618367	1.613421078246174	2.5054375949945538	3.3942801044687463	0.6381510742118516	0.40748978174789485
sd	comb_base	0.05686018558091597	0.061270533966468664	0.14981748366108474	0.18173699792306294	0.08779469071486132	0.017783005586611316	0.02268441420496617
mean	fitbit_base_weighted	1.592409069884784	0.9994645289161099	0.7577795215290022	1.3562758840457776	2.0609489330010606	1.5074965207503985	2.2761831272828865
sd	fitbit_base_weighted	0.06880804678483513	0.18303720186258865	0.12173513267401428	0.2238776509584805	1.045323131782803	0.06742928896564591	0.20337248255986298
mean	fitbit_base	0.3441062370827229	0.7095487985959734	1.6177416864454972	2.55031114535139	3.487895838341143	0.623449098860206	0.3889619315581233
sd	fitbit_base	0.05353993448228467	0.04115592997687875	0.05914618731496935	0.22855040461266338	0.1918815598421044	0.01847811842830397	0.023147910867703205
